"CategoryTop","Type","FileName","Ext","SizeMB","LastWrite","Path"
"01_会话与系统文档","会话资料","AGENTS.md",".md","0.002","2026/3/4 21:04:30","D:\铁路线路智能检测机器人\01_会话与系统文档\未分类\AGENTS.md"
"01_会话与系统文档","会话资料","BOOTSTRAP.md",".md","0.001","2026/3/7 13:45:53","D:\铁路线路智能检测机器人\01_会话与系统文档\未分类\BOOTSTRAP.md"
"01_会话与系统文档","会话资料","cc1_manual.txt",".txt","0.055","2026/3/6 18:10:27","D:\铁路线路智能检测机器人\01_会话与系统文档\未分类\cc1_manual.txt"
"01_会话与系统文档","会话资料","doc_content.txt",".txt","0.002","2026/3/7 15:46:08","D:\铁路线路智能检测机器人\01_会话与系统文档\未分类\doc_content.txt"
"01_会话与系统文档","会话资料","HEARTBEAT.md",".md","0","2026/3/4 21:04:30","D:\铁路线路智能检测机器人\01_会话与系统文档\未分类\HEARTBEAT.md"
"01_会话与系统文档","会话资料","IDENTITY.md",".md","0","2026/3/5 15:22:47","D:\铁路线路智能检测机器人\01_会话与系统文档\未分类\IDENTITY.md"
"01_会话与系统文档","会话资料","MEMORY.md",".md","0.003","2026/3/6 13:12:25","D:\铁路线路智能检测机器人\01_会话与系统文档\未分类\MEMORY.md"
"01_会话与系统文档","会话资料","package.json",".json","0","2026/3/5 16:24:42","D:\铁路线路智能检测机器人\01_会话与系统文档\未分类\package.json"
"01_会话与系统文档","会话资料","package-lock.json",".json","0.008","2026/3/5 16:24:42","D:\铁路线路智能检测机器人\01_会话与系统文档\未分类\package-lock.json"
"01_会话与系统文档","会话资料","SOUL.md",".md","0","2026/3/5 15:22:47","D:\铁路线路智能检测机器人\01_会话与系统文档\未分类\SOUL.md"
"01_会话与系统文档","会话资料","TOOLS.md",".md","0.001","2026/3/4 21:04:30","D:\铁路线路智能检测机器人\01_会话与系统文档\未分类\TOOLS.md"
"01_会话与系统文档","会话资料","USER.md",".md","0","2026/3/5 15:59:44","D:\铁路线路智能检测机器人\01_会话与系统文档\未分类\USER.md"
"01_会话与系统文档","会话资料","workspace-state.json",".json","0","2026/3/7 16:31:34","D:\铁路线路智能检测机器人\01_会话与系统文档\未分类\workspace-state.json"
"02_原始技术文档","文档","CC1系列+GigE工业面阵相机使用说明书_V2.1.0CN1_V1.0_2026-03-06.pdf",".pdf","1.596","2026/3/6 14:48:49","D:\铁路线路智能检测机器人\02_原始技术文档\未分类\CC1系列+GigE工业面阵相机使用说明书_V2.1.0CN1_V1.0_2026-03-06.pdf"
"02_原始技术文档","文档","test_V1.0_2026-03-05.docx",".docx","0.035","2026/3/5 17:04:05","D:\铁路线路智能检测机器人\02_原始技术文档\设计文档\test_V1.0_2026-03-05.docx"
"02_原始技术文档","文档","机器人系统架构_V1.0_2026-03-05.docx",".docx","0.036","2026/3/5 16:27:11","D:\铁路线路智能检测机器人\02_原始技术文档\设计文档\机器人系统架构_V1.0_2026-03-05.docx"
"02_原始技术文档","文档","机器人硬件系统架构设计文档_V1.0_V1.0_2026-03-05.docx",".docx","0.046","2026/3/5 16:50:26","D:\铁路线路智能检测机器人\02_原始技术文档\设计文档\机器人硬件系统架构设计文档_V1.0_V1.0_2026-03-05.docx"
"02_原始技术文档","文档","机器人硬件系统架构设计文档_V1.0-NEW_V1.0_2026-03-05.docx",".docx","0.039","2026/3/5 16:56:55","D:\铁路线路智能检测机器人\02_原始技术文档\设计文档\机器人硬件系统架构设计文档_V1.0-NEW_V1.0_2026-03-05.docx"
"02_原始技术文档","文档","机器人硬件系统架构设计文档_V2.0_定稿版_V1.0_2026-03-06.docx",".docx","0.036","2026/3/6 16:20:11","D:\铁路线路智能检测机器人\02_原始技术文档\设计文档\机器人硬件系统架构设计文档_V2.0_定稿版_V1.0_2026-03-06.docx"
"02_原始技术文档","文档","软件架构设计_V1.0_2026-03-05.docx",".docx","0.038","2026/3/5 16:28:26","D:\铁路线路智能检测机器人\02_原始技术文档\设计文档\软件架构设计_V1.0_2026-03-05.docx"
"02_原始技术文档","文档","软件系统架构设计文档_V1.0_V1.0_2026-03-05.docx",".docx","0.044","2026/3/5 17:15:59","D:\铁路线路智能检测机器人\02_原始技术文档\设计文档\软件系统架构设计文档_V1.0_V1.0_2026-03-05.docx"
"02_原始技术文档","文档","软件系统架构设计文档_V1.0-详尽版_V1.0_2026-03-05.docx",".docx","0.053","2026/3/5 17:25:26","D:\铁路线路智能检测机器人\02_原始技术文档\设计文档\软件系统架构设计文档_V1.0-详尽版_V1.0_2026-03-05.docx"
"02_原始技术文档","文档","软件系统架构设计文档_V2.0_纯工程版_V1.0_2026-03-06.docx",".docx","0.036","2026/3/6 16:21:46","D:\铁路线路智能检测机器人\02_原始技术文档\设计文档\软件系统架构设计文档_V2.0_纯工程版_V1.0_2026-03-06.docx"
"02_原始技术文档","文档","软件系统架构设计文档_V2.0_定稿版_V1.0_2026-03-06.docx",".docx","0.036","2026/3/6 16:20:11","D:\铁路线路智能检测机器人\02_原始技术文档\设计文档\软件系统架构设计文档_V2.0_定稿版_V1.0_2026-03-06.docx"
"02_原始技术文档","文档","软件系统架构设计文档_V2.1_强一致性版_V1.0_2026-03-06.docx",".docx","0.036","2026/3/6 16:25:55","D:\铁路线路智能检测机器人\02_原始技术文档\设计文档\软件系统架构设计文档_V2.1_强一致性版_V1.0_2026-03-06.docx"
"02_原始技术文档","文档","铁路线路智能检测机器人_7大核心工作板块_V2.1对齐版_V1.0_2026-03-06.docx",".docx","0.037","2026/3/6 16:28:43","D:\铁路线路智能检测机器人\02_原始技术文档\设计文档\铁路线路智能检测机器人_7大核心工作板块_V2.1对齐版_V1.0_2026-03-06.docx"
"02_原始技术文档","文档","铁路线路智能检测机器人_7大核心工作板块_纯工程定稿版_V1.0_2026-03-06.docx",".docx","0.038","2026/3/6 16:16:48","D:\铁路线路智能检测机器人\02_原始技术文档\设计文档\铁路线路智能检测机器人_7大核心工作板块_纯工程定稿版_V1.0_2026-03-06.docx"
"02_原始技术文档","文档","铁路线路智能检测机器人_7大核心工作板块_深度论证完整版_V1.0_2026-03-06.docx",".docx","0.037","2026/3/6 15:48:00","D:\铁路线路智能检测机器人\02_原始技术文档\设计文档\铁路线路智能检测机器人_7大核心工作板块_深度论证完整版_V1.0_2026-03-06.docx"
"02_原始技术文档","文档","铁路线路智能检测机器人_7大核心工作板块_深度论证优化版_V1.0_2026-03-06.docx",".docx","0.038","2026/3/6 15:40:39","D:\铁路线路智能检测机器人\02_原始技术文档\设计文档\铁路线路智能检测机器人_7大核心工作板块_深度论证优化版_V1.0_2026-03-06.docx"
"02_原始技术文档","文档","铁路线路智能检测机器人_底层硬件与系统生死线深度论证报告_V1.0_V1.0_2026-03-06.docx",".docx","0.037","2026/3/6 15:55:58","D:\铁路线路智能检测机器人\02_原始技术文档\设计文档\铁路线路智能检测机器人_底层硬件与系统生死线深度论证报告_V1.0_V1.0_2026-03-06.docx"
"02_原始技术文档","文档","铁路线路智能检测机器人_四步流转硬核技术白皮书_V2.0_V1.0_2026-03-06.docx",".docx","0.038","2026/3/6 16:59:15","D:\铁路线路智能检测机器人\02_原始技术文档\设计文档\铁路线路智能检测机器人_四步流转硬核技术白皮书_V2.0_V1.0_2026-03-06.docx"
"02_原始技术文档","文档","铁路线路智能检测机器人_四步流转硬核技术白皮书_V3.0_V1.0_2026-03-06.docx",".docx","0.038","2026/3/6 17:05:31","D:\铁路线路智能检测机器人\02_原始技术文档\设计文档\铁路线路智能检测机器人_四步流转硬核技术白皮书_V3.0_V1.0_2026-03-06.docx"
"02_原始技术文档","文档","铁路线路智能检测机器人_四步流转硬核技术白皮书_工业仪器级_V1.0_2026-03-06.docx",".docx","0.038","2026/3/6 16:51:55","D:\铁路线路智能检测机器人\02_原始技术文档\设计文档\铁路线路智能检测机器人_四步流转硬核技术白皮书_工业仪器级_V1.0_2026-03-06.docx"
"02_原始技术文档","文档","铁路线路智能检测机器人技术方案_V1.0_V1.0_2026-03-05.docx",".docx","0.046","2026/3/5 17:37:51","D:\铁路线路智能检测机器人\02_原始技术文档\设计文档\铁路线路智能检测机器人技术方案_V1.0_V1.0_2026-03-05.docx"
"02_原始技术文档","文档","铁路线路智能检测机器人技术方案_V2.0_纯工程版_V1.0_2026-03-06.docx",".docx","0.036","2026/3/6 16:21:46","D:\铁路线路智能检测机器人\02_原始技术文档\设计文档\铁路线路智能检测机器人技术方案_V2.0_纯工程版_V1.0_2026-03-06.docx"
"02_原始技术文档","文档","铁路线路智能检测机器人技术方案_V2.0_定稿版_V1.0_2026-03-06.docx",".docx","0.036","2026/3/6 16:20:11","D:\铁路线路智能检测机器人\02_原始技术文档\设计文档\铁路线路智能检测机器人技术方案_V2.0_定稿版_V1.0_2026-03-06.docx"
"02_原始技术文档","文档","铁路线路智能检测机器人技术方案_V2.1_强一致性版_V1.0_2026-03-06.docx",".docx","0.036","2026/3/6 16:25:56","D:\铁路线路智能检测机器人\02_原始技术文档\设计文档\铁路线路智能检测机器人技术方案_V2.1_强一致性版_V1.0_2026-03-06.docx"
"02_原始技术文档","文档","铁路线路智能检测机器人系统全景架构设计文档_V3.0_终极版_V1.0_2026-03-06.docx",".docx","0.037","2026/3/6 14:53:31","D:\铁路线路智能检测机器人\02_原始技术文档\设计文档\铁路线路智能检测机器人系统全景架构设计文档_V3.0_终极版_V1.0_2026-03-06.docx"
"02_原始技术文档","文档","铁路线路智能检测机器人系统总架构设计文档_V2.0_V1.0_2026-03-06.docx",".docx","0.037","2026/3/6 14:32:10","D:\铁路线路智能检测机器人\02_原始技术文档\设计文档\铁路线路智能检测机器人系统总架构设计文档_V2.0_V1.0_2026-03-06.docx"
"02_原始技术文档","文档","铁路线路智能检测机器人学术论文提纲_V2.0_V1.0_2026-03-05.docx",".docx","0.041","2026/3/5 20:26:10","D:\铁路线路智能检测机器人\02_原始技术文档\未分类\铁路线路智能检测机器人学术论文提纲_V2.0_V1.0_2026-03-05.docx"
"02_原始技术文档","文档","铁路线路智能检测机器人学术论文提纲_V2.0_V1.0_2026-03-05.pdf",".pdf","0.176","2026/3/5 20:30:54","D:\铁路线路智能检测机器人\02_原始技术文档\未分类\铁路线路智能检测机器人学术论文提纲_V2.0_V1.0_2026-03-05.pdf"
"02_原始技术文档","文档","铁路线路智能检测机器人专业论文提纲_V1.0_V1.0_2026-03-05.docx",".docx","0.039","2026/3/5 18:04:01","D:\铁路线路智能检测机器人\02_原始技术文档\未分类\铁路线路智能检测机器人专业论文提纲_V1.0_V1.0_2026-03-05.docx"
"02_原始技术文档","文档","项目目录说明_V1.0_2026-03-05.docx",".docx","0.036","2026/3/5 16:27:12","D:\铁路线路智能检测机器人\02_原始技术文档\未分类\项目目录说明_V1.0_2026-03-05.docx"
"02_原始技术文档","文档","硬件系统架构设计文档_V2.0_纯工程版_V1.0_2026-03-06.docx",".docx","0.036","2026/3/6 16:21:46","D:\铁路线路智能检测机器人\02_原始技术文档\设计文档\硬件系统架构设计文档_V2.0_纯工程版_V1.0_2026-03-06.docx"
"02_原始技术文档","文档","硬件系统架构设计文档_V2.1_强一致性版_V1.0_2026-03-06.docx",".docx","0.036","2026/3/6 16:25:55","D:\铁路线路智能检测机器人\02_原始技术文档\设计文档\硬件系统架构设计文档_V2.1_强一致性版_V1.0_2026-03-06.docx"
"02_原始技术文档","文档","硬件系统架构设计文档-完整版_V1.0_V1.0_2026-03-05.docx",".docx","0.046","2026/3/5 16:50:26","D:\铁路线路智能检测机器人\02_原始技术文档\设计文档\硬件系统架构设计文档-完整版_V1.0_V1.0_2026-03-05.docx"
"03_代码与脚本","代码","complete_solution.py",".py","0.013","2026/3/5 17:37:50","D:\铁路线路智能检测机器人\03_代码与脚本\from_temp\complete_solution.py"
"03_代码与脚本","代码","convert_to_pdf.py",".py","0.001","2026/3/5 20:30:15","D:\铁路线路智能检测机器人\03_代码与脚本\from_temp\convert_to_pdf.py"
"03_代码与脚本","代码","create_academic_paper_outline.py",".py","0.028","2026/3/5 20:26:02","D:\铁路线路智能检测机器人\03_代码与脚本\from_temp\create_academic_paper_outline.py"
"03_代码与脚本","代码","create_complete_hardware_doc.py",".py","0.01","2026/3/5 16:56:51","D:\铁路线路智能检测机器人\03_代码与脚本\from_temp\create_complete_hardware_doc.py"
"03_代码与脚本","代码","create_docs.js",".js","0.015","2026/3/5 16:24:12","D:\铁路线路智能检测机器人\03_代码与脚本\from_temp\create_docs.js"
"03_代码与脚本","代码","create_paper_outline.py",".py","0.021","2026/3/5 18:03:54","D:\铁路线路智能检测机器人\03_代码与脚本\from_temp\create_paper_outline.py"
"03_代码与脚本","代码","create_professional_docs.py",".py","0.03","2026/3/5 16:34:13","D:\铁路线路智能检测机器人\03_代码与脚本\from_temp\create_professional_docs.py"
"03_代码与脚本","代码","create_software_arch.py",".py","0.01","2026/3/5 16:28:20","D:\铁路线路智能检测机器人\03_代码与脚本\from_temp\create_software_arch.py"
"03_代码与脚本","代码","create_word_docs.py",".py","0.011","2026/3/5 16:27:08","D:\铁路线路智能检测机器人\03_代码与脚本\from_temp\create_word_docs.py"
"03_代码与脚本","代码","design_ipc.py",".py","0.02","2026/3/5 16:45:10","D:\铁路线路智能检测机器人\03_代码与脚本\from_temp\design_ipc.py"
"03_代码与脚本","代码","detailed_software_doc.py",".py","0.038","2026/3/5 17:25:20","D:\铁路线路智能检测机器人\03_代码与脚本\from_temp\detailed_software_doc.py"
"03_代码与脚本","代码","extract.py",".py","0.001","2026/3/6 18:09:34","D:\铁路线路智能检测机器人\03_代码与脚本\未分类\extract.py"
"03_代码与脚本","代码","extract_doc.py",".py","0.001","2026/3/7 15:46:51","D:\铁路线路智能检测机器人\03_代码与脚本\未分类\extract_doc.py"
"03_代码与脚本","代码","final_software_doc.py",".py","0.02","2026/3/5 17:15:55","D:\铁路线路智能检测机器人\03_代码与脚本\from_temp\final_software_doc.py"
"03_代码与脚本","代码","fix_network.py",".py","0.005","2026/3/5 16:41:16","D:\铁路线路智能检测机器人\03_代码与脚本\from_temp\fix_network.py"
"03_代码与脚本","代码","fix_serial.py",".py","0.001","2026/3/5 16:42:13","D:\铁路线路智能检测机器人\03_代码与脚本\from_temp\fix_serial.py"
"03_代码与脚本","代码","fix_tables.py",".py","0.008","2026/3/5 16:50:25","D:\铁路线路智能检测机器人\03_代码与脚本\from_temp\fix_tables.py"
"03_代码与脚本","代码","generate_7core_v_aligned.py",".py","0.006","2026/3/6 16:28:37","D:\铁路线路智能检测机器人\03_代码与脚本\from_temp\generate_7core_v_aligned.py"
"03_代码与脚本","代码","generate_arch_v2.py",".py","0.005","2026/3/6 14:30:26","D:\铁路线路智能检测机器人\03_代码与脚本\from_temp\generate_arch_v2.py"
"03_代码与脚本","代码","generate_arch_v3.py",".py","0.006","2026/3/6 14:52:50","D:\铁路线路智能检测机器人\03_代码与脚本\from_temp\generate_arch_v3.py"
"03_代码与脚本","代码","generate_arch_v3_fixed.py",".py","0.005","2026/3/6 14:53:18","D:\铁路线路智能检测机器人\03_代码与脚本\from_temp\generate_arch_v3_fixed.py"
"03_代码与脚本","代码","generate_final_v5.py",".py","0.005","2026/3/6 15:47:57","D:\铁路线路智能检测机器人\03_代码与脚本\from_temp\generate_final_v5.py"
"03_代码与脚本","代码","generate_final_v6.py",".py","0.005","2026/3/6 16:16:10","D:\铁路线路智能检测机器人\03_代码与脚本\from_temp\generate_final_v6.py"
"03_代码与脚本","代码","generate_opt_v4.py",".py","0.006","2026/3/6 15:40:29","D:\铁路线路智能检测机器人\03_代码与脚本\from_temp\generate_opt_v4.py"
"03_代码与脚本","代码","generate_report_v1.py",".py","0.005","2026/3/6 15:55:23","D:\铁路线路智能检测机器人\03_代码与脚本\from_temp\generate_report_v1.py"
"03_代码与脚本","代码","generate_v2_final_docs.py",".py","0.007","2026/3/6 16:21:41","D:\铁路线路智能检测机器人\03_代码与脚本\from_temp\generate_v2_final_docs.py"
"03_代码与脚本","代码","generate_whitepaper.py",".py","0.006","2026/3/6 16:51:54","D:\铁路线路智能检测机器人\03_代码与脚本\from_temp\generate_whitepaper.py"
"03_代码与脚本","代码","generate_whitepaper_v3.py",".py","0.006","2026/3/6 17:04:33","D:\铁路线路智能检测机器人\03_代码与脚本\from_temp\generate_whitepaper_v3.py"
"03_代码与脚本","代码","generate_wp_v3.py",".py","0.006","2026/3/6 17:05:26","D:\铁路线路智能检测机器人\03_代码与脚本\from_temp\generate_wp_v3.py"
"03_代码与脚本","代码","quick_soft.py",".py","0.002","2026/3/5 16:35:21","D:\铁路线路智能检测机器人\03_代码与脚本\from_temp\quick_soft.py"
"03_代码与脚本","代码","read_pdf.py",".py","0.001","2026/3/6 18:04:56","D:\铁路线路智能检测机器人\03_代码与脚本\from_temp\read_pdf.py"
"03_代码与脚本","代码","rebuild_doc_part1.py",".py","0.009","2026/3/5 16:54:11","D:\铁路线路智能检测机器人\03_代码与脚本\from_temp\rebuild_doc_part1.py"
"03_代码与脚本","代码","technical_solution.py",".py","0.012","2026/3/5 17:33:53","D:\铁路线路智能检测机器人\03_代码与脚本\from_temp\technical_solution.py"
"03_代码与脚本","代码","update_all_docs_v2.py",".py","0.006","2026/3/6 16:19:39","D:\铁路线路智能检测机器人\03_代码与脚本\from_temp\update_all_docs_v2.py"
"03_代码与脚本","代码","update_docs_to_v2.py",".py","0.006","2026/3/6 16:20:53","D:\铁路线路智能检测机器人\03_代码与脚本\from_temp\update_docs_to_v2.py"
"03_代码与脚本","代码","update_voltage.py",".py","0.001","2026/3/5 16:39:18","D:\铁路线路智能检测机器人\03_代码与脚本\from_temp\update_voltage.py"
"90_临时归档","会话资料","cc1_manual.txt",".txt","0.054","2026/3/6 18:05:16","D:\铁路线路智能检测机器人\90_临时归档\from_temp\cc1_manual.txt"
"90_临时归档","会话资料","create_feishu_doc.json",".json","0.011","2026/3/5 20:36:01","D:\铁路线路智能检测机器人\90_临时归档\from_temp\create_feishu_doc.json"
"90_临时归档","会话资料","终极版_temp.txt",".txt","0.003","2026/3/7 15:46:51","D:\铁路线路智能检测机器人\90_临时归档\from_temp\终极版_temp.txt"
"90_临时归档","文档","硬件架构_备份.docx",".docx","0.046","2026/3/5 16:50:26","D:\铁路线路智能检测机器人\90_临时归档\from_temp\硬件架构_备份.docx"
