"OldPath","NewName","Dir","Ext"
"D:\铁路线路智能检测机器人\02_原始技术文档\未分类\CC1系列+GigE工业面阵相机使用说明书_V2.1.0(CN)(1).pdf","CC1系列+GigE工业面阵相机使用说明书_V2.1.0CN1_V1.0_2026-03-06.pdf","D:\铁路线路智能检测机器人\02_原始技术文档\未分类",".pdf"
"D:\铁路线路智能检测机器人\02_原始技术文档\未分类\铁路线路智能检测机器人专业论文提纲 V1.0.docx","铁路线路智能检测机器人专业论文提纲_V1.0_V1.0_2026-03-05.docx","D:\铁路线路智能检测机器人\02_原始技术文档\未分类",".docx"
"D:\铁路线路智能检测机器人\02_原始技术文档\未分类\铁路线路智能检测机器人学术论文提纲 V2.0.docx","铁路线路智能检测机器人学术论文提纲_V2.0_V1.0_2026-03-05.docx","D:\铁路线路智能检测机器人\02_原始技术文档\未分类",".docx"
"D:\铁路线路智能检测机器人\02_原始技术文档\未分类\铁路线路智能检测机器人学术论文提纲 V2.0.pdf","铁路线路智能检测机器人学术论文提纲_V2.0_V1.0_2026-03-05.pdf","D:\铁路线路智能检测机器人\02_原始技术文档\未分类",".pdf"
"D:\铁路线路智能检测机器人\02_原始技术文档\未分类\项目目录说明.docx","项目目录说明_V1.0_2026-03-05.docx","D:\铁路线路智能检测机器人\02_原始技术文档\未分类",".docx"
"D:\铁路线路智能检测机器人\02_原始技术文档\设计文档\test.docx","test_V1.0_2026-03-05.docx","D:\铁路线路智能检测机器人\02_原始技术文档\设计文档",".docx"
"D:\铁路线路智能检测机器人\02_原始技术文档\设计文档\机器人硬件系统架构设计文档 V1.0-NEW.docx","机器人硬件系统架构设计文档_V1.0-NEW_V1.0_2026-03-05.docx","D:\铁路线路智能检测机器人\02_原始技术文档\设计文档",".docx"
"D:\铁路线路智能检测机器人\02_原始技术文档\设计文档\机器人硬件系统架构设计文档 V1.0.docx","机器人硬件系统架构设计文档_V1.0_V1.0_2026-03-05.docx","D:\铁路线路智能检测机器人\02_原始技术文档\设计文档",".docx"
"D:\铁路线路智能检测机器人\02_原始技术文档\设计文档\机器人硬件系统架构设计文档_V2.0_定稿版.docx","机器人硬件系统架构设计文档_V2.0_定稿版_V1.0_2026-03-06.docx","D:\铁路线路智能检测机器人\02_原始技术文档\设计文档",".docx"
"D:\铁路线路智能检测机器人\02_原始技术文档\设计文档\机器人系统架构.docx","机器人系统架构_V1.0_2026-03-05.docx","D:\铁路线路智能检测机器人\02_原始技术文档\设计文档",".docx"
"D:\铁路线路智能检测机器人\02_原始技术文档\设计文档\硬件系统架构设计文档-完整版 V1.0.docx","硬件系统架构设计文档-完整版_V1.0_V1.0_2026-03-05.docx","D:\铁路线路智能检测机器人\02_原始技术文档\设计文档",".docx"
"D:\铁路线路智能检测机器人\02_原始技术文档\设计文档\硬件系统架构设计文档_V2.0_纯工程版.docx","硬件系统架构设计文档_V2.0_纯工程版_V1.0_2026-03-06.docx","D:\铁路线路智能检测机器人\02_原始技术文档\设计文档",".docx"
"D:\铁路线路智能检测机器人\02_原始技术文档\设计文档\硬件系统架构设计文档_V2.1_强一致性版.docx","硬件系统架构设计文档_V2.1_强一致性版_V1.0_2026-03-06.docx","D:\铁路线路智能检测机器人\02_原始技术文档\设计文档",".docx"
"D:\铁路线路智能检测机器人\02_原始技术文档\设计文档\软件架构设计.docx","软件架构设计_V1.0_2026-03-05.docx","D:\铁路线路智能检测机器人\02_原始技术文档\设计文档",".docx"
"D:\铁路线路智能检测机器人\02_原始技术文档\设计文档\软件系统架构设计文档 V1.0-详尽版.docx","软件系统架构设计文档_V1.0-详尽版_V1.0_2026-03-05.docx","D:\铁路线路智能检测机器人\02_原始技术文档\设计文档",".docx"
"D:\铁路线路智能检测机器人\02_原始技术文档\设计文档\软件系统架构设计文档 V1.0.docx","软件系统架构设计文档_V1.0_V1.0_2026-03-05.docx","D:\铁路线路智能检测机器人\02_原始技术文档\设计文档",".docx"
"D:\铁路线路智能检测机器人\02_原始技术文档\设计文档\软件系统架构设计文档_V2.0_定稿版.docx","软件系统架构设计文档_V2.0_定稿版_V1.0_2026-03-06.docx","D:\铁路线路智能检测机器人\02_原始技术文档\设计文档",".docx"
"D:\铁路线路智能检测机器人\02_原始技术文档\设计文档\软件系统架构设计文档_V2.0_纯工程版.docx","软件系统架构设计文档_V2.0_纯工程版_V1.0_2026-03-06.docx","D:\铁路线路智能检测机器人\02_原始技术文档\设计文档",".docx"
"D:\铁路线路智能检测机器人\02_原始技术文档\设计文档\软件系统架构设计文档_V2.1_强一致性版.docx","软件系统架构设计文档_V2.1_强一致性版_V1.0_2026-03-06.docx","D:\铁路线路智能检测机器人\02_原始技术文档\设计文档",".docx"
"D:\铁路线路智能检测机器人\02_原始技术文档\设计文档\铁路线路智能检测机器人_7大核心工作板块_V2.1对齐版.docx","铁路线路智能检测机器人_7大核心工作板块_V2.1对齐版_V1.0_2026-03-06.docx","D:\铁路线路智能检测机器人\02_原始技术文档\设计文档",".docx"
"D:\铁路线路智能检测机器人\02_原始技术文档\设计文档\铁路线路智能检测机器人_7大核心工作板块_深度论证优化版.docx","铁路线路智能检测机器人_7大核心工作板块_深度论证优化版_V1.0_2026-03-06.docx","D:\铁路线路智能检测机器人\02_原始技术文档\设计文档",".docx"
"D:\铁路线路智能检测机器人\02_原始技术文档\设计文档\铁路线路智能检测机器人_7大核心工作板块_深度论证完整版.docx","铁路线路智能检测机器人_7大核心工作板块_深度论证完整版_V1.0_2026-03-06.docx","D:\铁路线路智能检测机器人\02_原始技术文档\设计文档",".docx"
"D:\铁路线路智能检测机器人\02_原始技术文档\设计文档\铁路线路智能检测机器人_7大核心工作板块_纯工程定稿版.docx","铁路线路智能检测机器人_7大核心工作板块_纯工程定稿版_V1.0_2026-03-06.docx","D:\铁路线路智能检测机器人\02_原始技术文档\设计文档",".docx"
"D:\铁路线路智能检测机器人\02_原始技术文档\设计文档\铁路线路智能检测机器人_四步流转硬核技术白皮书_V2.0.docx","铁路线路智能检测机器人_四步流转硬核技术白皮书_V2.0_V1.0_2026-03-06.docx","D:\铁路线路智能检测机器人\02_原始技术文档\设计文档",".docx"
"D:\铁路线路智能检测机器人\02_原始技术文档\设计文档\铁路线路智能检测机器人_四步流转硬核技术白皮书_V3.0.docx","铁路线路智能检测机器人_四步流转硬核技术白皮书_V3.0_V1.0_2026-03-06.docx","D:\铁路线路智能检测机器人\02_原始技术文档\设计文档",".docx"
"D:\铁路线路智能检测机器人\02_原始技术文档\设计文档\铁路线路智能检测机器人_四步流转硬核技术白皮书_工业仪器级.docx","铁路线路智能检测机器人_四步流转硬核技术白皮书_工业仪器级_V1.0_2026-03-06.docx","D:\铁路线路智能检测机器人\02_原始技术文档\设计文档",".docx"
"D:\铁路线路智能检测机器人\02_原始技术文档\设计文档\铁路线路智能检测机器人_底层硬件与系统生死线深度论证报告_V1.0.docx","铁路线路智能检测机器人_底层硬件与系统生死线深度论证报告_V1.0_V1.0_2026-03-06.docx","D:\铁路线路智能检测机器人\02_原始技术文档\设计文档",".docx"
"D:\铁路线路智能检测机器人\02_原始技术文档\设计文档\铁路线路智能检测机器人技术方案 V1.0.docx","铁路线路智能检测机器人技术方案_V1.0_V1.0_2026-03-05.docx","D:\铁路线路智能检测机器人\02_原始技术文档\设计文档",".docx"
"D:\铁路线路智能检测机器人\02_原始技术文档\设计文档\铁路线路智能检测机器人技术方案_V2.0_定稿版.docx","铁路线路智能检测机器人技术方案_V2.0_定稿版_V1.0_2026-03-06.docx","D:\铁路线路智能检测机器人\02_原始技术文档\设计文档",".docx"
"D:\铁路线路智能检测机器人\02_原始技术文档\设计文档\铁路线路智能检测机器人技术方案_V2.0_纯工程版.docx","铁路线路智能检测机器人技术方案_V2.0_纯工程版_V1.0_2026-03-06.docx","D:\铁路线路智能检测机器人\02_原始技术文档\设计文档",".docx"
"D:\铁路线路智能检测机器人\02_原始技术文档\设计文档\铁路线路智能检测机器人技术方案_V2.1_强一致性版.docx","铁路线路智能检测机器人技术方案_V2.1_强一致性版_V1.0_2026-03-06.docx","D:\铁路线路智能检测机器人\02_原始技术文档\设计文档",".docx"
"D:\铁路线路智能检测机器人\02_原始技术文档\设计文档\铁路线路智能检测机器人系统全景架构设计文档_V3.0_终极版.docx","铁路线路智能检测机器人系统全景架构设计文档_V3.0_终极版_V1.0_2026-03-06.docx","D:\铁路线路智能检测机器人\02_原始技术文档\设计文档",".docx"
"D:\铁路线路智能检测机器人\02_原始技术文档\设计文档\铁路线路智能检测机器人系统总架构设计文档_V2.0.docx","铁路线路智能检测机器人系统总架构设计文档_V2.0_V1.0_2026-03-06.docx","D:\铁路线路智能检测机器人\02_原始技术文档\设计文档",".docx"
