"FileName","Version","LastWrite","SizeMB","Path"
"CC1系列+GigE工业面阵相机使用说明书_V2.1.0CN1_V1.0_2026-03-06.pdf","V1.0","2026/3/6 14:48:49","1.596","D:\铁路线路智能检测机器人\02_原始技术文档\未分类\CC1系列+GigE工业面阵相机使用说明书_V2.1.0CN1_V1.0_2026-03-06.pdf"
"test_V1.0_2026-03-05.docx","V1.0","2026/3/5 17:04:05","0.035","D:\铁路线路智能检测机器人\02_原始技术文档\设计文档\test_V1.0_2026-03-05.docx"
"机器人系统架构_V1.0_2026-03-05.docx","V1.0","2026/3/5 16:27:11","0.036","D:\铁路线路智能检测机器人\02_原始技术文档\设计文档\机器人系统架构_V1.0_2026-03-05.docx"
"机器人硬件系统架构设计文档_V1.0_V1.0_2026-03-05.docx","V1.0","2026/3/5 16:50:26","0.046","D:\铁路线路智能检测机器人\02_原始技术文档\设计文档\机器人硬件系统架构设计文档_V1.0_V1.0_2026-03-05.docx"
"机器人硬件系统架构设计文档_V1.0-NEW_V1.0_2026-03-05.docx","V1.0","2026/3/5 16:56:55","0.039","D:\铁路线路智能检测机器人\02_原始技术文档\设计文档\机器人硬件系统架构设计文档_V1.0-NEW_V1.0_2026-03-05.docx"
"机器人硬件系统架构设计文档_V2.0_定稿版_V1.0_2026-03-06.docx","V2.0","2026/3/6 16:20:11","0.036","D:\铁路线路智能检测机器人\02_原始技术文档\设计文档\机器人硬件系统架构设计文档_V2.0_定稿版_V1.0_2026-03-06.docx"
"软件架构设计_V1.0_2026-03-05.docx","V1.0","2026/3/5 16:28:26","0.038","D:\铁路线路智能检测机器人\02_原始技术文档\设计文档\软件架构设计_V1.0_2026-03-05.docx"
"软件系统架构设计文档_V1.0_V1.0_2026-03-05.docx","V1.0","2026/3/5 17:15:59","0.044","D:\铁路线路智能检测机器人\02_原始技术文档\设计文档\软件系统架构设计文档_V1.0_V1.0_2026-03-05.docx"
"软件系统架构设计文档_V1.0-详尽版_V1.0_2026-03-05.docx","V1.0","2026/3/5 17:25:26","0.053","D:\铁路线路智能检测机器人\02_原始技术文档\设计文档\软件系统架构设计文档_V1.0-详尽版_V1.0_2026-03-05.docx"
"软件系统架构设计文档_V2.0_纯工程版_V1.0_2026-03-06.docx","V2.0","2026/3/6 16:21:46","0.036","D:\铁路线路智能检测机器人\02_原始技术文档\设计文档\软件系统架构设计文档_V2.0_纯工程版_V1.0_2026-03-06.docx"
"软件系统架构设计文档_V2.0_定稿版_V1.0_2026-03-06.docx","V2.0","2026/3/6 16:20:11","0.036","D:\铁路线路智能检测机器人\02_原始技术文档\设计文档\软件系统架构设计文档_V2.0_定稿版_V1.0_2026-03-06.docx"
"软件系统架构设计文档_V2.1_强一致性版_V1.0_2026-03-06.docx","V2.1","2026/3/6 16:25:55","0.036","D:\铁路线路智能检测机器人\02_原始技术文档\设计文档\软件系统架构设计文档_V2.1_强一致性版_V1.0_2026-03-06.docx"
"铁路线路智能检测机器人_7大核心工作板块_V2.1对齐版_V1.0_2026-03-06.docx","V1.0","2026/3/6 16:28:43","0.037","D:\铁路线路智能检测机器人\02_原始技术文档\设计文档\铁路线路智能检测机器人_7大核心工作板块_V2.1对齐版_V1.0_2026-03-06.docx"
"铁路线路智能检测机器人_7大核心工作板块_纯工程定稿版_V1.0_2026-03-06.docx","V1.0","2026/3/6 16:16:48","0.038","D:\铁路线路智能检测机器人\02_原始技术文档\设计文档\铁路线路智能检测机器人_7大核心工作板块_纯工程定稿版_V1.0_2026-03-06.docx"
"铁路线路智能检测机器人_7大核心工作板块_深度论证完整版_V1.0_2026-03-06.docx","V1.0","2026/3/6 15:48:00","0.037","D:\铁路线路智能检测机器人\02_原始技术文档\设计文档\铁路线路智能检测机器人_7大核心工作板块_深度论证完整版_V1.0_2026-03-06.docx"
"铁路线路智能检测机器人_7大核心工作板块_深度论证优化版_V1.0_2026-03-06.docx","V1.0","2026/3/6 15:40:39","0.038","D:\铁路线路智能检测机器人\02_原始技术文档\设计文档\铁路线路智能检测机器人_7大核心工作板块_深度论证优化版_V1.0_2026-03-06.docx"
"铁路线路智能检测机器人_底层硬件与系统生死线深度论证报告_V1.0_V1.0_2026-03-06.docx","V1.0","2026/3/6 15:55:58","0.037","D:\铁路线路智能检测机器人\02_原始技术文档\设计文档\铁路线路智能检测机器人_底层硬件与系统生死线深度论证报告_V1.0_V1.0_2026-03-06.docx"
"铁路线路智能检测机器人_四步流转硬核技术白皮书_V2.0_V1.0_2026-03-06.docx","V2.0","2026/3/6 16:59:15","0.038","D:\铁路线路智能检测机器人\02_原始技术文档\设计文档\铁路线路智能检测机器人_四步流转硬核技术白皮书_V2.0_V1.0_2026-03-06.docx"
"铁路线路智能检测机器人_四步流转硬核技术白皮书_V3.0_V1.0_2026-03-06.docx","V3.0","2026/3/6 17:05:31","0.038","D:\铁路线路智能检测机器人\02_原始技术文档\设计文档\铁路线路智能检测机器人_四步流转硬核技术白皮书_V3.0_V1.0_2026-03-06.docx"
"铁路线路智能检测机器人_四步流转硬核技术白皮书_工业仪器级_V1.0_2026-03-06.docx","V1.0","2026/3/6 16:51:55","0.038","D:\铁路线路智能检测机器人\02_原始技术文档\设计文档\铁路线路智能检测机器人_四步流转硬核技术白皮书_工业仪器级_V1.0_2026-03-06.docx"
"铁路线路智能检测机器人技术方案_V1.0_V1.0_2026-03-05.docx","V1.0","2026/3/5 17:37:51","0.046","D:\铁路线路智能检测机器人\02_原始技术文档\设计文档\铁路线路智能检测机器人技术方案_V1.0_V1.0_2026-03-05.docx"
"铁路线路智能检测机器人技术方案_V2.0_纯工程版_V1.0_2026-03-06.docx","V2.0","2026/3/6 16:21:46","0.036","D:\铁路线路智能检测机器人\02_原始技术文档\设计文档\铁路线路智能检测机器人技术方案_V2.0_纯工程版_V1.0_2026-03-06.docx"
"铁路线路智能检测机器人技术方案_V2.0_定稿版_V1.0_2026-03-06.docx","V2.0","2026/3/6 16:20:11","0.036","D:\铁路线路智能检测机器人\02_原始技术文档\设计文档\铁路线路智能检测机器人技术方案_V2.0_定稿版_V1.0_2026-03-06.docx"
"铁路线路智能检测机器人技术方案_V2.1_强一致性版_V1.0_2026-03-06.docx","V2.1","2026/3/6 16:25:56","0.036","D:\铁路线路智能检测机器人\02_原始技术文档\设计文档\铁路线路智能检测机器人技术方案_V2.1_强一致性版_V1.0_2026-03-06.docx"
"铁路线路智能检测机器人系统全景架构设计文档_V3.0_终极版_V1.0_2026-03-06.docx","V3.0","2026/3/6 14:53:31","0.037","D:\铁路线路智能检测机器人\02_原始技术文档\设计文档\铁路线路智能检测机器人系统全景架构设计文档_V3.0_终极版_V1.0_2026-03-06.docx"
"铁路线路智能检测机器人系统总架构设计文档_V2.0_V1.0_2026-03-06.docx","V2.0","2026/3/6 14:32:10","0.037","D:\铁路线路智能检测机器人\02_原始技术文档\设计文档\铁路线路智能检测机器人系统总架构设计文档_V2.0_V1.0_2026-03-06.docx"
"铁路线路智能检测机器人学术论文提纲_V2.0_V1.0_2026-03-05.docx","V2.0","2026/3/5 20:26:10","0.041","D:\铁路线路智能检测机器人\02_原始技术文档\未分类\铁路线路智能检测机器人学术论文提纲_V2.0_V1.0_2026-03-05.docx"
"铁路线路智能检测机器人学术论文提纲_V2.0_V1.0_2026-03-05.pdf","V2.0","2026/3/5 20:30:54","0.176","D:\铁路线路智能检测机器人\02_原始技术文档\未分类\铁路线路智能检测机器人学术论文提纲_V2.0_V1.0_2026-03-05.pdf"
"铁路线路智能检测机器人专业论文提纲_V1.0_V1.0_2026-03-05.docx","V1.0","2026/3/5 18:04:01","0.039","D:\铁路线路智能检测机器人\02_原始技术文档\未分类\铁路线路智能检测机器人专业论文提纲_V1.0_V1.0_2026-03-05.docx"
"项目目录说明_V1.0_2026-03-05.docx","V1.0","2026/3/5 16:27:12","0.036","D:\铁路线路智能检测机器人\02_原始技术文档\未分类\项目目录说明_V1.0_2026-03-05.docx"
"硬件系统架构设计文档_V2.0_纯工程版_V1.0_2026-03-06.docx","V2.0","2026/3/6 16:21:46","0.036","D:\铁路线路智能检测机器人\02_原始技术文档\设计文档\硬件系统架构设计文档_V2.0_纯工程版_V1.0_2026-03-06.docx"
"硬件系统架构设计文档_V2.1_强一致性版_V1.0_2026-03-06.docx","V2.1","2026/3/6 16:25:55","0.036","D:\铁路线路智能检测机器人\02_原始技术文档\设计文档\硬件系统架构设计文档_V2.1_强一致性版_V1.0_2026-03-06.docx"
"硬件系统架构设计文档-完整版_V1.0_V1.0_2026-03-05.docx","V1.0","2026/3/5 16:50:26","0.046","D:\铁路线路智能检测机器人\02_原始技术文档\设计文档\硬件系统架构设计文档-完整版_V1.0_V1.0_2026-03-05.docx"
